{"cameraMode":{"drawMode":0,"name":"Shaded","section":"Shading Mode"},"sceneLighting":false,"audioPlay":false,"sceneViewState":{"showFog":true,"showMaterialUpdate":false,"showSkybox":true,"showFlares":true,"showImageEffects":true,"showParticleSystems":true},"in2DMode":false,"pivot":{"x":-3.840174674987793,"y":0.366457462310791,"z":-5.636507511138916},"rotation":{"x":0.009790965355932713,"y":0.9778315424919128,"z":-0.20382168889045716,"w":0.04697202518582344},"size":5.110653400421143,"orthographic":false}