{"cameraMode":{"drawMode":0,"name":"Shaded","section":"Shading Mode"},"sceneLighting":false,"audioPlay":false,"sceneViewState":{"showFog":true,"showMaterialUpdate":false,"showSkybox":true,"showFlares":true,"showImageEffects":true,"showParticleSystems":true},"in2DMode":false,"pivot":{"x":-4.01200008392334,"y":1.094505786895752,"z":-5.763253211975098},"rotation":{"x":-0.19373831152915955,"y":-0.725010097026825,"z":0.22617830336093903,"w":-0.6210227012634277},"size":3.7975516319274904,"orthographic":true}