{"cameraMode":{"drawMode":0,"name":"Shaded","section":"Shading Mode"},"sceneLighting":true,"audioPlay":false,"sceneViewState":{"showFog":true,"showMaterialUpdate":false,"showSkybox":true,"showFlares":true,"showImageEffects":true,"showParticleSystems":true},"in2DMode":false,"pivot":{"x":-3.7177581787109377,"y":1.2666866779327393,"z":-6.085011959075928},"rotation":{"x":-0.19373831152915955,"y":-0.725010097026825,"z":0.22617830336093903,"w":-0.6210227012634277},"size":6.470880031585693,"orthographic":true}